item,qty,spec,supplier,unit_cost_usd,make_buy,notes
1 Enclosure,1,"IP67 ABS or polycarbonate box 115 x 65 x 45 mm outside, 2.5 mm wall, screw-down cover with gasket; holes for the transducer (25 mm) and the ToF window (11 mm)","Stock enclosure maker (Hammond 1554 or Bud class, or a generic IP67 box) via an electronics distributor",6.00,buy,"Indicative price, generic box; a branded IP67 box costs about $8 to $12; IP69K option for pressure-washed bins costs more"
2 Aluminium bracket and tamper bolts,1,"2.0 mm 5052-class aluminium plate 150 x 80 mm with two 60 x 30 mm end tabs; four stainless M6 x 40 tamper-resistant button-head bolts on a 130 x 60 mm pattern, 18 mm sealing washers and nyloc nuts",Local sheet-metal shop plus fastener supplier,5.00,make,"Indicative price; aluminium replaces 1.5 mm stainless, unit about 334 g (BNL-DDR-002; BNL-CAL-001 section I)"
3 Ultrasonic transducer with driver,1,"Sealed 40 kHz waterproof transducer module (JSN-SR04T class, 3.3 V capable version), 24 mm probe, about 0.25 m blind zone (estimate); cable shortened to about 0.15 m",Electronics distributor or online marketplace,7.00,buy,Indicative price; temperature rating of the chosen module to confirm (R6)
4 Near-range ToF sensor,1,"VL53L1X laser ranging breakout (27 degree field of view, up to 4 m in the dark), used to 0.4 m behind an 11 mm glass or PMMA window",Electronics distributor or online marketplace (generic breakout),5.00,buy,Indicative price for a generic breakout; branded boards cost about $12 to $15; window fouling unverified
5 LoRaWAN module,1,"RAK3172 (STM32WLE5) module, 2.0 to 3.6 V, 1.69 uA sleep; RAK3172-T variant (-40 to 85 C) for cold sites; u.FL antenna port; EU868, US915 or IN865 build",RAKwireless store or module distributor,9.00,buy,Indicative price; same radio family as FieldNode (DDR-001 D4 and D5)
6 Carrier PCB and small parts,1,"Two-layer carrier board: 3-axis accelerometer (LIS2DH12 class, wake-on-motion), temperature sensor, nanopower 3.3 V LDO (fresh cell is 3.67 V), load switch for the sensors, 1,000 uF low-leakage buffer capacitor, switched battery divider, fuse and connectors",PCB prototyping service plus electronics distributor,8.00,make,Indicative price; board layout is TRL 4 work and not started
7 Primary lithium cell and holder,1,"Li-SOCl2 C size (ER26500 class) 3.6 V, about 8.5 Ah nominal, pulse capable to at least 100 mA; holder with retaining strap, PTC or fuse",Battery distributor (cell from a maker that publishes a datasheet),9.00,buy,Indicative price; AA option about $4; never recharge
8 Antenna,1,"Flexible 868/915 MHz PCB antenna, adhesive, with u.FL lead, on the inner side wall",Electronics distributor,3.00,buy,Indicative price; external lid antenna for steel containers (about $8) not included (open item O1)
9 Gaskets and vent,1,"Cover gasket, transducer and window seals, M8 ePTFE pressure-equalizing vent",Electronics distributor or vent maker,3.00,buy,Indicative price
